num_procs,time
1,0.020091
2,0.230929
3,0.322655
4,0.329314
5,0.335878
6,0.336248
7,0.335094
8,0.329876
