num_procs,time
1,0.027334
2,0.209203
3,0.297054
4,0.297117
5,0.377384
6,0.388268
7,0.387265
8,0.371317
