num_procs,time
1,0.040887
2,2.293327
3,2.288539
4,2.302652
5,2.333155
6,23.568626
7,2.312986
8,2.329716
