num_procs,time
1,0.000015
2,0.000372
3,0.000390
4,0.000921
5,0.000557
6,0.000856
7,0.000683
8,0.001012
