num_procs,time
1,0.000015
2,0.000381
3,0.000416
4,0.000907
5,0.000498
6,0.000940
7,0.000673
8,0.000960
