num_procs,time
1,0.000018
2,0.000191
3,0.000167
4,0.000471
5,0.000173
6,0.000727
7,0.000214
8,0.000350
